{
  "english": {
    "altmer": "Altmer",
    "bosmer": "Bosmer",
    "dunmer": "Dunmer",
    "orc": "Orsimer",
    "khajiit": "Khajiit",
    "argonian": "Argonian",
    "breton": "Breton",
    "imperial": "Imperial"
    "nord": "Nord",
    "redguard": "Redguard"
  },
  "polish": {
    "altmer": "Altmer",
    "bosmer": "Bosmer",
    "dunmer": "Dunmer",
    "orc": "Ork",
    "khajiit": "Khajiit",
    "argonian": "Argonianin",
    "breton": "Breton",
    "imperial": "Cesarski"
    "nord": "Nord",
    "redguard": "Redguard"
}