{
  "altmer": [
    {
      "descript": "altmer",
      "atr_intelligence": 2,
      "atr_dexterity": 1,
      "abil_destruction_magic": 1,
      "abil_alchemy": 1,
      "spec_diamond": false,
      "spec_moon": false
    }
  ],
  "bosmer": [
    {
      "descript": "bosmer",
      "atr_dexterity": 2,
      "atr_intelligence": 1,
      "abil_archery": 1,
      "abil_sneaking": 1,
      "spec_diamond": false,
      "spec_moon": false
    }
  ],
  "dunmer": [
    {
      "descript": "dunmer",
      "atr_dexterity": 2,
      "atr_intelligence": 1,
      "abil_shortswords": 1,
      "abil_destruction_magic": 1,
      "spec_diamond": false,
      "spec_moon": false
    }
  ],
  "orc": [
    {
      "descript": "orsimer",
      "atr_endurance": 2,
      "atr_strength": 1,
      "abil_toughness": 1,
      "abil_smithery": 1,
      "spec_diamond": false,
      "spec_moon": false
    }
  ],
  "khajiit": [
    {
      "descript": "khajiit",
      "atr_dexterity": 2,
      "atr_endurance": 1,
      "abil_pickpocketing": 1,
      "abil_sneaking": 1,
      "perk_assassin_hit" : true,
      "spec_diamond": false,
      "spec_moon": false
    }
  ],
  "argonian": [
    {
      "descript": "argonian",
      "atr_intelligence": 1,
      "atr_endurance": 2,
      "abil_survival": 1,
      "abil_sneaking": 1,
      "perk_toxin_immunity": 5,
      "pwr_conn": 5,
      "pwr_magic": 3,
      "spec_diamond": false,
      "spec_moon": false
    }
  ],
  "breton": [
    {
      "descript": "breton",
      "atr_intelligence": 2,
      "atr_endurance": 1,
      "abil_healing": 1,
      "abil_alchemy": 1,
      "abil_restoration_magic": 1,
      "abil_toughness": -1,
      "spec_diamond": false,
      "spec_moon": false
    }
  ],
  "imperial": [
    {
      "descript": "imperial",
      "atr_charisma": 2,
      "atr_intelligence": 1,
      "abil_persuasion": 1,
      "abil_longswords": 1,
      "spec_diamond": false,
      "spec_moon": false
    }
  ],
  "nord": [
    {
      "descript": "nord",
      "atr_strength": 2,
      "atr_endurance": 1,
      "abil_longswords": 1,
      "abil_smithery": 1,
      "spec_diamond": false,
      "spec_moon": false
    }
  ]
  "redguard": [
    {
      "descript": "redguard",
      "atr_strength": 2,
      "atr_endurance": 1,
      "abil_longswords": 2,
      "abil_sneaking": -1,
      "perk_toxin_immunity": 5,
      "spec_diamond": false,
      "spec_moon": false
    }
  ],
}